pmid,title,abstract,journal,journal_abbr,year,authors,first_author,n_authors,affiliation,keywords,mesh,doi,pmc_id,pub_type,source_db,found_in_dbs,cited_by,has_fulltext,country,tissue_Blood/Serum/Plasma,tissue_Lung,tissue_Placenta,tissue_Stool/Gut,tissue_Liver,tissue_Breast milk,tissue_Semen/Testis,tissue_Brain/Nerve,tissue_Kidney,tissue_Adipose/Fat,tissue_Thyroid,tissue_Heart/Artery,tissue_Cervix/Uterus,tissue_Skin,tissue_Bone Marrow,tissue_Salivary/Oral,tissue_any,polymer_Polyethylene (PE),polymer_Polypropylene (PP),polymer_Polystyrene (PS),polymer_PET,polymer_PVC,polymer_Nylon/PA,polymer_Polycarbonate (PC),polymer_PTFE/Teflon,polymer_Acrylic/PMMA,polymer_Polyurethane (PU),polymer_Tire rubber,polymer_Cellulose (modified),method_μFTIR/FTIR,method_Raman/μRaman,method_Pyrolysis-GC/MS,method_SEM/TEM/AFM,method_LC-MS/GC-MS,method_Fluorescence,method_Flow Cytometry,method_ICP-MS/ICP-OES,method_LDIR,method_TOF-SIMS,study_type,prevalence_pct,sample_size,concentration_data,quality_total,quality_grade,S1_representativeness,S2_sample_size,S3_nonrespondents,S4_ascertainment,C1_confounders,C2_contamination_ctrl,O1_method_validated,O2_statistics,O3_recovery,primary_tissue,exclude_review,exclude_nonhuman,exclude_animal,exclude_invitro,exclude_env,exclude_not_mp,exclude_no_abstract,excluded,events
38761430.0,"Microplastics in human blood: Polymer types, concentrations and characterisation using μFTIR.","Microplastics (MPs) are an everyday part of life, and are now ubiquitous in the environment. Crucially, MPs have not just been found within the environment, but also within human bodies, including the blood. We aimed to provide novel information on the range of MP polymer types present, as well as their size and shape characteristics, in human whole blood from 20 healthy volunteers. Twenty-four polymer types were identified from 18 out of 20 (90 %) donors and quantified in blood, with the majority observed for the first time. Using an LOQ approach, five polymer types met the threshold with a lower mean ± SD of 2466 ± 4174 MP/L. The concentrations of plastics analysed in blood samples ranged from 1.84 - 4.65 μg/mL. Polyethylene (32 %), ethylene propylene diene (14 %), and ethylene-vinyl-acetate/alcohol (12 %) fragments were the most abundant. MP particles that were identified within the blood samples had a mean particle length of 127.99 ± 293.26 µm (7-3000 µm), and a mean particle width of 57.88 ± 88.89 µm (5-800 µm). The MPs were predominantly categorised as fragments (88 %) and were white/clear (79 %). A variety of plastic additive chemicals were identified including endocrine disrupting-classed phthalates. The procedural blank samples comprised 7 polymer types, that were distinct from those identified in blood, mainly resin (25 %), polyethylene terephthalate (17 %), and polystyrene (17 %) with a mean ± SD of 4.80 ± 5.59 MP/L. This study adds to the growing evidence that MPs are taken up into the human body and are transported via the bloodstream. The shape and sizes of the particles raise important questions with respect to their presence and associated hazards in terms of potential detrimental impacts such as vascular inflammation, build up within major organs, and changes to either immune cell response, or haemostasis and thrombosis.",Environment international,Environ Int,2024,V L Leonard Sophie; Liddle Catriona R; Atherall Charlotte A; Chapman Emma; Watkins Matthew; D J Calaminus Simon; Rotchell Jeanette M,V L Leonard Sophie,7,"Centre for Biomedicine, Hull York Medical School, University of Hull, Kingston-upon-Hull, HU6 7RX, United Kingdom. | Centre for Biomedicine, Hull York Medical School, University of Hull, Kingston-upon-Hull, HU6 7RX, United Kingdom. | Centre for Biomedicine, Hull York Medical School, University of Hull, Kingston-upon-Hull, HU6 7RX, United Kingdom. | School of Natural Sciences, University of Hull, Kingston-upon-Hull, HU6 7RX, United Kingdom. | College of Health and Science, University of Lincoln, Brayford Pool, Lincoln, LN6 7TS, United Kingdom. | Centre for Biomedicine, Hull York Medical School, University of Hull, Kingston-upon-Hull, HU6 7RX, United Kingdom. Electronic address: Simon.Calaminus@hyms.ac.uk. | School of Natural Sciences, University of Hull, Kingston-upon-Hull, HU6 7RX, United Kingdom; College of Health and Science, University of Lincoln, Brayford Pool, Lincoln, LN6 7TS, United Kingdom. Electronic address: JRotchell@lincoln.ac.uk.",Human; Human blood; Microplastic; Phthalate; μFTIR,Humans; Microplastics; Polymers; Adult; Male; Female; Plastics; Environmental Monitoring; Young Adult; Particle Size,10.1016/j.envint.2024.108751,,Journal Article,PubMed,PubMed,179.0,False,UK,1,0,0,0,0,0,0,0,0,0,0,0,0,0,0,0,1,1,0,1,1,0,0,0,0,0,0,0,0,1,0,0,0,0,0,0,0,0,0,Observational,90.0,20.0,,2,Low,0,0,0,0,0,1,0,1,0,Blood/Serum/Plasma,0,0,0,0,0,0,0,0,18
37837933.0,"Occurrence of microplastics and disturbance of gut microbiota: a pilot study of preschool children in Xiamen, China.","BACKGROUND: Microplastics (MPs) have garnered widespread attention because of their presence in human placenta, stool, and even blood. Ingestion is considered the major route of human exposure to MPs. It has been found that the consumption of food and water is associated with more MP abundance in human stools. The usage of plastic containers, particularly feeding bottles, may be a major contributor to MP contamination. However, human exposure to MPs and potential factors that influence exposure, especially for preschoolers, remains largely unknown. When exposed to MPs, mice exhibited gut microbiota dysbiosis, including alterations in diversity indices, a decreased relative abundance of probiotics and an increased abundance of pathogenic bacteria. Such results have also been observed in human gut in vitro models, however, the actual association between MP exposure and human intestinal microbiota remains unclear. Therefore, this study aimed to evaluate MP concentrations in preschoolers' stools, explore possible dietary factors that influence preschooler exposure to MPs, and investigate their potential association with the gut microbiota. METHODS: A cross-sectional study was conducted in Xiamen, China in October 2022. We investigated the feeding behaviours and dietary habits of preschool children. A total of 69 couples of stool samples were collected and analyzed for MPs test and gut microbiota analysis. Pyrolysis-gas chromatography coupled with mass spectrometry (Py-GC/MS) was used for quantifying 11 types of MPs. The gut microbiota composition was analyzed by 16S rRNA gene sequencing. FINDINGS: The results showed that only polyvinyl chloride (PVC), polyethylene terephthalate (PET), polyethylene (PE), and polyamide 6 (PA6) were detected in 85.5% stool samples, with concentrations of 317.4 (152.0, 491.9) μg/g dw, 299.0 (196.1, 619.9) μg/g dw, 206.2 (154.1, 240.3) μg/g dw, and 17.9 (13.4, 18.6) μg/g dw, respectively. The median estimated daily intake (EDI) for preschoolers was 425.9 (272.5, 762.3) μg/kg-bw/d. Dairy intake may influence MP concentration in preschoolers' stools, and the usage of feeding bottles may be a specific source of MP contamination. Moreover, higher PVC concentrations were observed in the stools when the children took more time to eat a meal. MP exposure was inversely associated with alpha indices and possibly affected certain probiotic taxa, such as Parabacteroides and Alistipes, in preschool children. INTERPRETATION: Our data provided baseline evidence for MP exposure doses and potential dietary factors that may influence MP exposure in preschoolers. These findings supported the perspective that MP exposure might be associated with the disturbance of gut microbiota. Further studies focusing on sensitive populations with larger sample sizes are needed. FUNDING: This study was funded by the National Natural Science Foundation of China (grant number: 82003412), the Shanghai Municipal Health Commission (grant number: 20214Y0019), and the Project of Shanghai Municipal Financial Professional foundation (Food Safety Risk Assessment) (grant number: RA-2022-06).",EBioMedicine,EBioMedicine,2023,Ke Dandan; Zheng Jianheng; Liu Xinyuan; Xu Xin; Zhao Long; Gu Yiying; Yang Ruoru; Liu Shaojie; Yang Shuyu; Du Jun; Chen Bo; He Gengsheng; Dong Ruihua,Ke Dandan,13,"Key Lab of Public Health Safety of the Ministry of Education, School of Public Health, Institute of Nutrition, Fudan University, Shanghai 200032, China. Electronic address: kedandan@fudan.edu.cn. | Nutrilite Health Institute, Shanghai 200023, China. Electronic address: jennie.zheng@amway.com. | Key Lab of Public Health Safety of the Ministry of Education, School of Public Health, Institute of Nutrition, Fudan University, Shanghai 200032, China. Electronic address: 21211020101@m.fudan.edu.cn. | Key Lab of Public Health Safety of the Ministry of Education, School of Public Health, Institute of Nutrition, Fudan University, Shanghai 200032, China. Electronic address: 22211020199@m.fudan.edu.cn. | Key Lab of Public Health Safety of the Ministry of Education, School of Public Health, Institute of Nutrition, Fudan University, Shanghai 200032, China. Electronic address: 22211020224@m.fudan.edu.cn. | Key Lab of Public Health Safety of the Ministry of Education, School of Public Health, Institute of Nutrition, Fudan University, Shanghai 200032, China. Electronic address: 21211020071@m.fudan.edu.cn. | Key Lab of Public Health Safety of the Ministry of Education, School of Public Health, Institute of Nutrition, Fudan University, Shanghai 200032, China. Electronic address: 20211020125@fudan.edu.cn. | Key Lab of Public Health Safety of the Ministry of Education, School of Public Health, Institute of Nutrition, Fudan University, Shanghai 200032, China. Electronic address: liushaojie@fudan.edu.cn. | Nutrilite Health Institute, Shanghai 200023, China. Electronic address: shirley.yang@amway.com. | Nutrilite Health Institute, Shanghai 200023, China. Electronic address: eric.du@amway.com. | Key Lab of Public Health Safety of the Ministry of Education, School of Public Health, Institute of Nutrition, Fudan University, Shanghai 200032, China. Electronic address: chenb@fudan.edu.cn. | Key Lab of Public Health Safety of the Ministry of Education, School of Public Health, Institute of Nutrition, Fudan University, Shanghai 200032, China. Electronic address: geshe@shmu.edu.cn. | Key Lab of Public Health Safety of the Ministry of Education, School of Public Health, Institute of Nutrition, Fudan University, Shanghai 200032, China. Electronic address: ruihua_dong@fudan.edu.cn.",16S rRNA; Intestinal microbiota; Microplastics; Preschooler; Py-GC/MS,"Humans; Child, Preschool; Animals; Mice; Microplastics; Plastics; Gastrointestinal Microbiome; Pilot Projects; RNA, Ribosomal, 16S; Cross-Sectional Studies; China; Polyethylene; Water Pollutants, Chemical",10.1016/j.ebiom.2023.104828,PMC10585208,Journal Article,PubMed,PubMed,,True,China,1,1,1,1,0,1,0,0,1,0,0,0,0,1,0,0,1,1,1,1,1,1,1,1,1,1,1,0,0,1,1,1,0,1,0,0,0,1,0,Cross-sectional,85.5,69.0,,5,Moderate,1,1,0,1,0,1,0,1,0,Stool/Gut,0,0,0,0,0,0,0,0,59
40933963.0,Detection and quantification of microplastics in cerumen.,"BACKGROUND/AIM: Microplastics (MPs) are a growing concern due to their pervasive environmental presence and their potential impact on environmental and human exposure. Given evidence of systemic MP presence in human tissues and fluids, and the ear canal's environmental exposure, this novel study aimed to identify these particles in human cerumen. Cerumen was collected from the proximal ear canal to minimize potential airborne contamination. MATERIALS AND METHODS: Cerumen samples were prospectively collected from 12 adult patients (23 patient-derived samples) and three control water samples, following ethical approval and consent. Samples were extracted using sterile instruments, stored in glass, diluted, and filtered through 0.22 μm cellulosic membranes. Microplastics were identified and measured morphologically using a 10× laboratory microscope with digital image processing; however, chemical confirmation of polymer type was beyond the scope of this initial study. Descriptive statistics were employed for analysis. RESULTS: Among the 12 adult patients (23 patient-derived samples), microplastic particles were detected in 10 (83.3%, patient level detection rate). A cumulative total of 31 individual MPs were identified across the 23 patient-derived cerumen samples analyzed (comprising 29 detected and two instances of zero particle detection), ranging significantly in size from 16 μm to 930 μm and displaying various colors. Water control samples contained seven particles (3-46 μm), showing a clear size disparity from cerumen-borne particles. CONCLUSION: This study provides solid evidence of microplastic presence in human cerumen, suggesting a novel potential route of elimination from the human body. The high detection rate among patients and distinct characteristics of cerumen-borne MPs compared to controls imply genuine human accumulation rather than procedural contamination. Cerumen highlights a promising potential noninvasive bioindicator for assessing microplastic exposure. Further research in larger populations is essential to confirm these findings, elucidate mechanisms, identify polymer types, and explore potential health implications.",Turkish journal of medical sciences,Turk J Med Sci,2025,Arslan Bengi; Islamoğlu Yüce; Berçin Ali Sami; Akbulut Selen; Melikoğlu Mehmet,Arslan Bengi,5,"Clinic of Otorhinolaryngology, Ankara Bilkent City Hospital, Ankara, Turkiye. | Department of Otorhinolaryngology, Faculty of Medicine, Health Sciences University, Ankara, Turkiye. | Department of Otorhinolaryngology, Faculty of Medicine, Ankara Yıldırım Beyazıt University, Ankara, Turkiye. | Department of Food Technology, Üsküdar University, İstanbul, Turkiye. | Department of Chemical Engineering, Gebze Technical University, Kocaeli, Turkiye.",Microplastics; biomonitoring; cerumen; excretion pathway; human exposure,Humans; Cerumen; Microplastics; Adult; Prospective Studies; Male; Environmental Monitoring; Female; Middle Aged,10.55730/1300-0144.6043,PMC12419061,Journal Article,PubMed,PubMed,,True,Turkey,1,1,1,1,1,1,0,0,1,0,0,0,0,0,0,0,1,0,0,0,0,0,0,0,0,0,0,0,0,1,1,0,0,0,0,0,0,0,0,Cohort,83.3,12.0,,5,Moderate,1,1,1,0,0,1,0,1,0,Cerumen/Ear,0,0,0,0,0,0,0,0,10
38883588.0,Set up and validation of a method to analyse microplastics in stool and small intestine samples.,"The contamination of microplastics in humans is of increasing concern. Therefore, the aim of this study was to develop effective methods to determine the concentration and types of microplastics entering human digestive system. To study levels of MPs contamination in humans, an excellent indicator are stools. Indeed, stools, and thus the digestive system, can be an excellent indicator of the level of MPs contamination in humans. Hence, objective was to find effective methods to extract, quantify and characterize microplastics in stool and small intestine samples. The samples studied were human stools and pig jejunum (which has human-like characteristics). The methods were optimized by observing extraction efficiency, compatibility by Fourier-transform infrared spectroscopy (FTIR) characterization and non-deformation of the microplastics. The steps of the procedure were: • Sampling to avoid plastic contamination • Non-aggressive chemical and enzymatic digestion • Counting and characterization The methods were optimized and validated, observing recovery and repeatability. Therefore, two simple, effective methods with high analytical performance have been developed. The MPs present in the stool and intestine samples were counted by stereoscopic microscope and characterized by FTIR, finding several types of MPs such as synthetic cellulose, polyethylene, polypropylene, polystyrene, and polyethylene terephthalate, among others.",MethodsX,MethodsX,2024,Santini Saul; Exposito Nora; Sierra Jordi; Cincinelli Alessandra; Rovira Joaquim,Santini Saul,5,"Department of Chemistry ""Ugo Schiff"", University of Florence, Via della Lastruccia 3-13, 50019 Sesto Fiorentino, Italy. | Environmental Engineering Laboratory, Departament d'Enginyeria Química, Universitat Rovira i Virgili, Paisos Catalans Avenue 26, 43007 Tarragona, Catalonia, Spain. | Environmental Engineering Laboratory, Departament d'Enginyeria Química, Universitat Rovira i Virgili, Paisos Catalans Avenue 26, 43007 Tarragona, Catalonia, Spain. | Faculty of Pharmacy and Food Sciences, Universitat de Barcelona, Joan XXIII Avenue s/n, 08028 Barcelona, Catalonia, Spain. | Department of Chemistry ""Ugo Schiff"", University of Florence, Via della Lastruccia 3-13, 50019 Sesto Fiorentino, Italy. | Environmental Engineering Laboratory, Departament d'Enginyeria Química, Universitat Rovira i Virgili, Paisos Catalans Avenue 26, 43007 Tarragona, Catalonia, Spain. | Laboratory of Toxicology and Environmental Health, School of Medicine, Universitat Rovira i Virgili, Sant Llorenç 21, 43201 Reus, Catalonia, Spain. | Institut d'Investigació Sanitària Pere Virgili (IISPV), 43204 Reus, Catalonia, Spain.",Analytical method for the determination of microplastics in human stools and pig intestine; Biomonitoring; Faeces; Gut; Plastic,,10.1016/j.mex.2024.102777,PMC11176779,Journal Article,PubMed,PubMed,2.0,True,Italy,0,0,0,1,1,0,0,0,1,0,0,0,0,0,0,0,1,1,1,0,1,1,1,0,1,0,0,0,1,1,0,0,0,0,0,0,0,0,0,Biomonitoring,83.3,6.0,,4,Moderate,1,0,0,1,0,1,0,1,0,Stool/Gut,0,0,0,0,0,0,0,0,5
41450414.0,Detection of Microplastics in Human Bronchoalveolar Lavage Fluid: Preliminary Evidence of Respiratory Exposure to Environmental Contaminants.,"Objectives Microplastics are increasingly recognised as environmental pollutants of potential concern for human health. Inhalation of airborne particles and their deposition in the respiratory tract may contribute to respiratory disease, yet direct human evidence remains scarce. This study aimed to investigate the presence, morphology, and size of microplastics in bronchoalveolar lavage (BAL) fluid from patients undergoing diagnostic bronchoscopy. Methods BAL samples from eight adults were digested with 10% potassium hydroxide, filtered, and examined microscopically under brightfield illumination. Samples were collected in sterilised glass containers to avoid plastic contamination. Microplastics were identified and classified by morphology and measured by Feret's minimum diameter (dFeretMin). Two blank controls (saline through the bronchoscope and reagent blank) were processed in parallel to assess procedural contamination. Results Microplastics were detected in five of eight samples (63%), yielding 22 particles (20 fragments, two fibres). Particle sizes ranged from 5.9 µm to 204.7 µm (mean 44.8 µm), and 80% were below 50 µm, consistent with respirable dimensions. Controls revealed only large fibres (>500 µm) and no fragments, suggesting minimal contamination. The highest burden was observed in a patient with thoracic lymphoma, but given the small sample size, correlations were interpreted descriptively. Conclusions This pilot study provides preliminary evidence of microplastics in human BAL, supporting the concept of lower-airway deposition of airborne environmental contaminants. Although limited by visual identification without spectroscopic confirmation, adherence to contamination controls strengthens confidence in the findings and highlights the feasibility of BAL-based human exposure assessment. These results highlight the need to integrate microplastic monitoring into occupational and environmental exposure surveillance.",Cureus,Cureus,2025,Zakynthinos Georgios E; Dimeas Ilias E; Salmas Christos; Pagonis Athanasios D; Papanikolaou Ioannis D; Oikonomou Evangelos; Tourlakopoulos Konstantinos N; Karetsi Eleni; Daniil Zoe,Zakynthinos Georgios E,9,"3rd Department of Cardiology, ""Sotiria"" Chest Diseases Hospital, Medical School, National and Kapodistrian University of Athens, Athens, GRC. | Department of Respiratory Medicine, Faculty of Medicine, University of Thessaly, Larissa, GRC. | Department of Respiratory Medicine, School of Medicine, University College Dublin, Dublin, IRL. | Laboratory of Mineralogy-Geology, Department of Natural Resources and Agricultural Engineering, Agricultural University of Athens, Athens, GRC. | Department of Respiratory Medicine, Faculty of Medicine, University of Thessaly, Larissa, GRC. | Laboratory of Mineralogy-Geology, Department of Natural Resources and Agricultural Engineering, Agricultural University of Athens, Athens, GRC. | 3rd Department of Cardiology, ""Sotiria"" Chest Diseases Hospital, Medical School, National and Kapodistrian University of Athens, Athens, GRC. | Department of Respiratory Medicine, Faculty of Medicine, University of Thessaly, Larissa, GRC. | Department of Respiratory Medicine, Faculty of Medicine, University of Thessaly, Larissa, GRC. | Department of Respiratory Medicine, Faculty of Medicine, University of Thessaly, Larissa, GRC.",bronchoalveolar lavage; environmental exposure; lung cancer; microplastics; respiratory health,,10.7759/cureus.97632,PMC12728889,Journal Article,PubMed,PubMed,,True,Greece,1,1,0,0,0,0,0,0,0,0,0,0,0,0,0,0,1,1,1,1,1,1,1,0,0,0,1,0,0,1,1,0,0,0,0,0,0,0,0,Cross-sectional,62.5,8.0,,4,Moderate,1,1,0,0,0,1,0,1,0,Lung,0,0,0,0,0,0,0,0,5
38745203.0,The first reported values of microplastics in prostate.,"BACKGROUND: Microplastics are ubiquitous, widespread environmental pollutants with unavoidable human exposure. Herein, it was aimed to investigate the presence of microplastics in prostate tissue. METHODS: Prostate tissues from 12 patients who underwent Trans Urethral Resection of the Prostate (TUR-P) were analyzed to investigate the presence of microplastics. Initially, the prostate tissues were analyzed for microplastic particles using a light microscope after extraction. Subsequently, the chemical composition of the particles found in the prostate tissues was characterized using Attenuated Total Reflection-Fourier Transform Infrared (ATR-FTIR) spectrophotometry. RESULTS: Microplastic particles of various types were detected in 6 out of 12 patients. All detected plastic particles in this study were microplastics, with sizes below 26 μm in size. These microplastics exhibited different shapes as pellets, spheres or fibers. Overall, among the 12 analyzed prostate tissue samples, four different types of plastic were identified in six samples. The most common type of microplastic detected was Polyamide (Nylon 6), found in samples from three patients. Other detected types, Polypropylene, Polyacrylic Acid and Poly (dimethylsiloxane) were each determined in samples from one patient. CONCLUSIONS: This is the first study to demonstrate the presence of microplastics in prostate tissue, serving as an exploratory investigation, which can trigger further research to validate the results in a larger patient cohort.",BMC urology,BMC Urol,2024,Demirelli Erhan; Tepe Yalçın; Oğuz Ural; Aydın Handan; Kodat Murat; Tok Doğan Sabri; Sönmez Mehmet Giray; Öğreden Ercan,Demirelli Erhan,8,"Department of Urology, Giresun University Faculty of Medicine, Giresun, Turkey. | Department of Biology, Giresun University Faculty of Arts and Scienc, Giresun, Turkey. | Department of Urology, Giresun University Faculty of Medicine, Giresun, Turkey. ural.oguz@giresun.edu.tr. | Department of Biology, Giresun University Faculty of Arts and Scienc, Giresun, Turkey. | Department of Biology, Giresun University Faculty of Arts and Scienc, Giresun, Turkey. | Department of Urology, Giresun University Faculty of Medicine, Giresun, Turkey. | Department of Urology, Necmettin Erbakan University Meram Faculty of Medicine, Konya, Turkey. | Department of Urology, Giresun University Faculty of Medicine, Giresun, Turkey.",ATR-FTIR spectrophotometry; Microplastic; Polyamide; Prostate,Humans; Male; Microplastics; Prostate; Aged; Middle Aged,10.1186/s12894-024-01495-8,PMC11092166,Journal Article,PubMed,PubMed,23.0,True,Turkey,1,1,1,1,1,1,1,0,1,0,0,1,0,1,0,0,1,1,1,1,1,1,1,1,0,1,1,0,0,1,0,0,1,0,0,0,0,0,0,Cohort,50.0,12.0,"{""median"": 20.0, ""iqr_lo"": null, ""iqr_hi"": null, ""context"": "". schwabl et al. have shown a median of 20 microplastic particles ranging""}",5,Moderate,1,1,0,1,0,1,0,1,0,Semen/Testis,0,0,0,0,0,0,0,0,6
39064070.0,Detection of Microplastics in Human Breast Milk and Its Association with Changes in Human Milk Bacterial Microbiota.,"Background: Presently, there is increasing public consciousness regarding the contamination and detection of microplastics (MPs) within the human body, and studies on the detection and characterization of MPs in human breast milk are limited. Objectives: This study aims to investigate the prevalence and characteristics of MPs found in human breast milk and examine the relationship between maternal hygiene practices, complications that may arise during breastfeeding, and the composition of the bacterial microbiota. Methods: Postpartum breast milk was analyzed for MPs using Raman micro-spectroscopy. The relationship between MP detection, maternal hygiene, breastfeeding complications, and bacterial microbiota was examined. In order to identify correlations and differences between groups that had detected and non-detected MPs, statistical analyses were performed, which involved demographic comparisons and correlation network analysis. Results: The mean age of the 59 postpartum women was 28.13 years. We found MPs in 38.98% of breast milk samples (23 of 59), exhibiting diverse morphological and chemical characteristics. Most MP polymers were polypropylene, polyethylene, polystyrene, and polyvinyl chloride. Maternal hygiene and breastfeeding complications differed between the MPs-detected and non-detected groups. Maternal behaviors may influence the presence of microplastics in breast milk, which were associated with these differences. Bacterial microbiota analysis revealed significant taxonomic differences between the MPs-detected and non-detected groups. Staphylococcus and Streptococcus dominated the MPs-detected group, while Enterobacter, Escherichia, Pseudomonas, and Acinetobacter dominated the non-detected group. The MPs-detected group had a more even bacterial distribution, especially Bacteroides. Conclusions: This study found MPs in 38.98% of breast milk samples using Raman micro-spectrometry, with PP, PE, and PVC being the most common. Significant differences in maternal hygiene and breastfeeding complications were found between the groups with and without MPs. Breast milk microbiota may be linked to MP detection. Further study should be conducted to identify the possible maternal-child health.",Journal of clinical medicine,J Clin Med,2024,Saraluck Apisith; Techarang Tachpon; Bunyapipat Phattarika; Boonchuwong Khununya; Pullaput Yupparase; Mordmuang Auemphon,Saraluck Apisith,6,"School of Medicine, Walailak University, Nakhon Si Thammarat 80160, Thailand. | Department of Obstetrics and Gynaecology, Faculty of Medicine, Ramathibodi Hospital, Mahidol University, Bangkok 10400, Thailand. | Department of Tropical Pathology, Faculty of Tropical Medicine, Mahidol University, Bangkok 10400, Thailand. | Walailak University Hospital, Walailak University, Nakhon Si Thammarat 80160, Thailand. | Walailak University Hospital, Walailak University, Nakhon Si Thammarat 80160, Thailand. | The Center for Scientific and Technological Equipment, Walailak University, Nakhon Si Thammarat 80160, Thailand. | School of Medicine, Walailak University, Nakhon Si Thammarat 80160, Thailand.",human breast milk; microbiota; microplastics; women’s health,,10.3390/jcm13144029,PMC11277308,Journal Article,PubMed,PubMed,,True,Thailand,0,0,1,1,0,1,0,0,0,0,0,0,0,1,0,0,1,1,1,1,0,1,1,0,0,0,1,0,0,0,1,0,0,0,0,0,0,1,0,Cohort,38.98,59.0,,4,Moderate,0,1,1,0,0,1,0,1,0,Breast milk,0,0,0,0,0,0,0,0,23
39368622.0,"Microplastics, as a risk factor in the development of interstitial lung disease- a preliminary study.","Microplastic (MPs) pollution is a global concern that affects all living organisms, yet research on MP-related disorders in humans, including incidence and symptoms, remains limited. In this study, the presence, composition, and characterization of MPs in bronchoalveolar lavage (BAL), which reflects lung tissue, and blood were examined. Fiberoptic bronchoscopy was performed to collect BAL samples from patients suspected of having interstitial lung disease (ILD) as well as from a control group. MPs were identified and measured using μ-Raman techniques. In BAL samples, the most common MPs color observed was grey/white, with sizes ranging from 4.19 to 792.00 μm. The particle shapes and polymer types identified included polyamide (PA), polyester (PET), polyvinyl chloride (PVC), and polyurethanes (PU). For blood samples, MPs were predominantly grey/white and blue, with sizes ranging from 13.14 to 20. 29 μm. The identified polymers in blood samples included polyamide (PA) and polyethylene (PE). MPs were detected in 10 out of 18 patients (55%) suspected of having ILD, with most of these patients presenting with the fibrotic type of the disease. In the control group, two patients whose BAL samples were positive for MPs were found to have chronic lung disease. This study is the first to explore the relationship between interstitial lung disease (ILD) and microplastics (MPs), revealing a tendency for the presence of MPs in the bronchoalveolar lavage (BAL) of ILD patients, particularly those with a fibrotic phenotype. Further research is needed to determine the cumulative effects of MPs on human health, especially concerning the respiratory system, which is highly exposed to environmental pollutants.","Environmental pollution (Barking, Essex : 1987)",Environ Pollut,2024,Özgen Alpaydin Aylin; Uçan Eyüp Sabri; Köktürk Mine; Atamanalp Muhammed; Kalyoncu Çisem; Yiğit Salih; Uçar Arzu; Şimşek Gökçen Ömeroğlu; Tertemiz Kemal Can; Karaçam Volkan; Ulukuş Elif Çağnur; Gürel Duygu; Alak Gonca,Özgen Alpaydin Aylin,13,"Dokuz Eylül University Faculty of Medicine, Department of Pulmonary Diseases, Izmir, Turkey. Electronic address: aylin.alpaydin@deu.edu.tr. | Dokuz Eylül University Faculty of Medicine, Department of Pulmonary Diseases, Izmir, Turkey. | Igdir University, Department of Organic Agriculture Management, Faculty of Applied Sciences, Igdir, Turkey; Research Laboratory Application and Research Center (ALUM), Igdir University, Igdir, Turkey. | Ataturk University Department of Aquaculture, Faculty of Fisheries, Erzurum, Turkey. | Dokuz Eylül University Faculty of Medicine, Department of Pulmonary Diseases, Izmir, Turkey. | Dokuz Eylül University Faculty of Medicine, Department of Pulmonary Diseases, Izmir, Turkey. | Ataturk University Department of Aquaculture, Faculty of Fisheries, Erzurum, Turkey. | Dokuz Eylül University Faculty of Medicine, Department of Pulmonary Diseases, Izmir, Turkey. | Dokuz Eylül University Faculty of Medicine, Department of Pulmonary Diseases, Izmir, Turkey. | Dokuz Eylül University Faculty of Medicine, Department of Thoracic Surgery, Izmir, Turkey. | Memorial Healthcare Group, Department of Pathology, Izmir, Turkey. | Memorial Healthcare Group, Department of Pathology, Izmir, Turkey. | Ataturk University Department of Seafood Processing, Faculty of Fisheries, Erzurum, Turkey. Electronic address: galak@atauni.edu.tr.",Bronchoalveolar lavage; Interstitial lung disease; Lung disease; Microplastic,"Humans; Lung Diseases, Interstitial; Middle Aged; Female; Male; Microplastics; Risk Factors; Bronchoalveolar Lavage Fluid; Adult; Aged",10.1016/j.envpol.2024.125054,,Journal Article,PubMed,PubMed,15.0,False,Turkey,1,1,0,0,0,0,0,0,0,0,0,0,0,0,0,0,1,1,0,0,1,1,1,0,0,0,1,0,0,0,1,0,0,0,0,0,0,0,0,Other,55.6,18.0,,0,Low,0,0,0,0,0,0,0,0,0,Lung,0,0,0,0,0,0,0,0,10
37769922.0,Microplastics and additives in patients with preterm birth: The first evidence of their presence in both human amniotic fluid and placenta.,"Considering the well documented, almost ubiquitous nature of microplastics in different environments, the exposure of pregnant women to microplastics may pose risks to the unborn children. The study focused on investigating the presence of microplastics in amniotic fluid and placenta, and brings the first evidence of the simultaneous presence of microplastics and additives in both human amniotic fluid and placentas. In total, 20 samples of amniotic fluid and placenta from 10 patients were analyzed for the presence of microplastics and plastic additives by Fourier transform infrared spectroscopy - attenuated total reflectance (FTIR-ATR) after alkaline digestion with KOH. In 9 out of 10 patients, microplastics or additives were found in amniotic fluid, placenta, or both. Specifically, 44 particles of microplastics and polymer additives were identified in all samples. Chlorinated Polyethylene (CPE) and Calcium zinc PVC Stabilizer with particle sizes between 10 and 50 μm prevailed. Although all women involved in this study, who provided placenta and amniotic fluid samples, experienced physiological, singleton pregnancies complicated with preterm prelabour rupture of membranes (PPROM), it is too early to draw any conclusions and more research is needed.",Chemosphere,Chemosphere,2023,Halfar Jan; Čabanová Kristina; Vávra Karel; Delongová Patricie; Motyka Oldřich; Špaček Richard; Kukutschová Jana; Šimetka Ondřej; Heviánková Silvie,Halfar Jan,9,"Faculty of Mining and Geology, VŠB - Technical University of Ostrava, 17. Listopadu 2172/15, Ostrava, Poruba, 708 33, Czech Republic. Electronic address: jan.halfar@vsb.cz. | Faculty of Mining and Geology, VŠB - Technical University of Ostrava, 17. Listopadu 2172/15, Ostrava, Poruba, 708 33, Czech Republic; Centre for Advanced Innovation Technologies, Faculty of Materials Science and Technology, VŠB-Technical University of Ostrava, 17. Listopadu 2172/15, Ostrava, Poruba, 708 00, Czech Republic. | Department of Obstetrics and Gynaecology, University Hospital of Ostrava, 17. Listopadu 1790/5, 70852, Ostrava, Poruba, Czech Republic; Department of Gynaecology and Obstetrics, Faculty of Medicine, University of Ostrava, Syllabova 19, 703 00, Ostrava, Czech Republic. | Institute of Pathology and Molecular Genetics, University Hospital of Ostrava, 17. Listopadu 1790/5, 70852, Ostrava, Poruba, Czech Republic; Institute of Molecular and Clinical Pathology and Medical Genetics, Faculty of Medicine, University of Ostrava, Syllabova 19, 703 00, Ostrava, Czech Republic. | Faculty of Mining and Geology, VŠB - Technical University of Ostrava, 17. Listopadu 2172/15, Ostrava, Poruba, 708 33, Czech Republic; Nanotechnology Centre, CEET, VŠB-Technical University of Ostrava, 17. Listopadu 2172/15, Ostrava, Poruba, 708 00, Czech Republic. | Department of Obstetrics and Gynaecology, University Hospital of Ostrava, 17. Listopadu 1790/5, 70852, Ostrava, Poruba, Czech Republic; Department of Gynaecology and Obstetrics, Faculty of Medicine, University of Ostrava, Syllabova 19, 703 00, Ostrava, Czech Republic. | Centre for Advanced Innovation Technologies, Faculty of Materials Science and Technology, VŠB-Technical University of Ostrava, 17. Listopadu 2172/15, Ostrava, Poruba, 708 00, Czech Republic. | Department of Obstetrics and Gynaecology, University Hospital of Ostrava, 17. Listopadu 1790/5, 70852, Ostrava, Poruba, Czech Republic; Department of Gynaecology and Obstetrics, Faculty of Medicine, University of Ostrava, Syllabova 19, 703 00, Ostrava, Czech Republic. | Faculty of Mining and Geology, VŠB - Technical University of Ostrava, 17. Listopadu 2172/15, Ostrava, Poruba, 708 33, Czech Republic.",Additive; Amniotic fluid; Human health; Microplastics; Placenta; Preterm birth,"Humans; Female; Pregnancy; Microplastics; Placenta; Amniotic Fluid; Premature Birth; Adult; Spectroscopy, Fourier Transform Infrared; Particle Size",10.1016/j.chemosphere.2023.140301,,Journal Article,PubMed,PubMed,,False,Czech Republic,0,0,1,0,0,0,0,0,0,0,0,0,0,0,0,0,1,1,0,0,0,1,0,0,0,0,0,0,0,1,0,0,0,0,0,0,0,0,0,Observational,90.0,10.0,,0,Low,0,0,0,0,0,0,0,0,0,Placenta,0,0,0,0,0,0,0,0,9
41068921.0,"Plastic tableware use, microplastic accumulation, and sperm quality: from epidemiological evidence to FOXA1/p38 mechanistic insights.","Microplastics (MPs), as emerging contaminants, may adversely affect male reproductive health. This study investigated the potential association between MP accumulation in human semen and sperm quality. Furthermore, the molecular mechanisms underlying MPs-induced sperm quality impairment were characterized using representative polystyrene microplastics (PS-MPs), murine models, and spermatogonial cell cultures. Among 200 semen samples, the overall detection rate of MPs was 55.5% (111/200). A total of 128 MPs were identified in semen, with PS (32.03%) and PVC (36.72%) being the predominant microplastic polymers. Epidemiological analyses revealed a significant positive association between plastic tableware (PT) use frequency and MP accumulation in semen. Stratified analyses further revealed a strong association between total MPs exposure and reduced sperm concentration among individuals with BMI < 24 kg/m² and frequent PT use. In murine models, exposure to PS-MPs induced reduced sperm quality, elevated sperm abnormalities, and increased levels of autophagy and apoptosis. Mechanistically, PS-MPs activated the MAP3K1/p38/c-fos pathway via the transcription factor FOXA1, thereby inducing the autophagy and apoptosis of spermatogonia. Collectively, this study provides direct human evidence that MP accumulation in semen is associated with impaired sperm quality, particularly in individuals with certain lifestyle factors such as frequent PT use. Moreover, our findings further demonstrate the potential reproductive toxicity of MPs and, for the first time, elucidate the critical role of the FOXA1/MAP3K1/p38 cascade in PS-MPs-mediated decline in sperm quality.",Journal of nanobiotechnology,J Nanobiotechnology,2025,Qu Jiayuan; Zeng Jiayue; Mou Li; Wu Xiaobin; Ha Mei; Liu Changjiang,Qu Jiayuan,6,"NHC Key Laboratory of Birth Defects and Reproductive Health, Chongqing Population and Family Planning Science and Technology Research Institute, Chongqing, China. | Department of Occupational and Environmental Health, School of Public Health, Jilin University, Changchun, China. | Department of Occupational and Environmental Health, School of Public Health, Tongji Medical College, Huazhong University of Science and Technology, Hubei, Wuhan, China. | NHC Key Laboratory of Birth Defects and Reproductive Health, Chongqing Health Center for Women and Children, Women and Children's Hospital of Chongqing Medical University, Chongqing, 401147, China. | NHC Key Laboratory of Birth Defects and Reproductive Health, Chongqing Health Center for Women and Children, Women and Children's Hospital of Chongqing Medical University, Chongqing, 401147, China. | School of Nursing, Chongqing Medical and Pharmaceutical College, Chongqing, China. | NHC Key Laboratory of Birth Defects and Reproductive Health, Chongqing Health Center for Women and Children, Women and Children's Hospital of Chongqing Medical University, Chongqing, 401147, China. cj_514@163.com.",FOXA1/MAP3K1/p38 cascade; Microplastics; Plastic tableware use; Polystyrene microplastics; Sperm quality decline,Male; Humans; Animals; Microplastics; Mice; Hepatocyte Nuclear Factor 3-alpha; Spermatozoa; Adult; Semen; Plastics; Apoptosis; Semen Analysis; p38 Mitogen-Activated Protein Kinases; Polystyrenes; Spermatogonia; Autophagy,10.1186/s12951-025-03747-7,PMC12512996,Journal Article,PubMed,PubMed,1.0,True,China,1,0,0,1,0,0,1,0,0,0,0,0,0,0,0,0,1,1,1,1,1,1,1,0,0,0,0,0,0,0,1,1,1,1,0,0,0,0,0,Cohort,55.5,200.0,,6,Moderate,1,1,0,1,1,1,0,1,0,Semen/Testis,0,0,0,0,0,0,0,0,111
41523016.0,Bronchoalveolar Lavage as a Diagnostic Window into Human Exposure to Microplastics and Associated Lung Changes.,"BACKGROUND: Microplastics are emerging airborne pollutants increasingly implicated in respiratory health risks. Although ingestion has been widely studied, inhalation of microplastics and their potential pulmonary impact remain underexplored. Bronchoalveolar lavage (BAL) provides a minimally invasive diagnostic technique for detecting inhaled particles and assessing associated inflammatory changes. METHODS: This cross-sectional study was conducted among 60 adult patients undergoing diagnostic bronchoscopy for non-infective pulmonary complaints. BAL fluid was collected and filtered to detect microplastics using polarized light microscopy and Fourier-transform infrared (FTIR) spectroscopy. Cytological examination and cytokine analysis (IL-6, TNF-α) were also performed. Data were statistically analyzed using SPSS v25, with significance set at P < 0.05. RESULTS: Microplastics were detected in 70% of BAL samples, with polyethylene and polypropylene being the most common types. The mean microplastic count was 6.4 ± 3.1 particles per 100 mL BALF. Individuals with detectable microplastics showed significantly higher macrophage (65.4% vs. 58.6%, P = 0.012) and neutrophil (18.2% vs. 12.4%, P = 0.003) percentages in BAL cytology, alongside elevated IL-6 and TNF-α levels (P < 0.001). Lymphocyte proportions were relatively lower in exposed individuals (P = 0.017). CONCLUSION: Bronchoalveolar lavage is a valuable tool for detecting pulmonary microplastic exposure and related inflammatory changes. These findings underscore the potential health risks posed by airborne microplastics and support the need for environmental and occupational health interventions.",Journal of pharmacy & bioallied sciences,J Pharm Bioallied Sci,2025,Padarya Surendra Kumar; Asati Ajit Anand; Singh Ajay; Saad Talha; Mishra Satyendra; Tripathi Lokesh,Padarya Surendra Kumar,6,"Department of Orthopaedics, Government Bundelkhand Medical College, Sagar, Madhya Pradesh, India. | Department of Pediatrics, Bundelkhand Medical College, Sagar, Madhya Pradesh, India. | Department of Anaesthesiology, Bundelkhand Medical College, Sagar, Madhya Pradesh, India. | Department of Respiratory Medicine, Bundelkhand Medical College Sagar, Madhya Pradesh, India. | Department of Respiratory Medicine, Bundelkhand Medical College Sagar, Madhya Pradesh, India. | Department of Pathology, Shyam Shah Medical College, Rewa, Madhya Pradesh, India.",Air pollution; FTIR spectroscopy; bronchoalveolar lavage; environmental exposure; lung inflammation; microplastics,,10.4103/jpbs.jpbs_1095_25,PMC12788413,Journal Article,PubMed,PubMed,,True,India,0,1,0,0,0,0,0,0,0,0,0,0,0,0,0,0,1,1,1,1,0,0,0,0,0,0,0,0,0,1,0,0,0,0,0,0,0,0,0,Cross-sectional,70.0,60.0,,2,Low,0,1,0,0,0,0,0,1,0,Lung,0,0,0,0,0,0,0,0,42
